code,date,open,high,low,close,volume,amount,name
600332,2023-05-23,34.06,34.62,33.73,33.85,9140400.0,0.0,白云山
600332,2023-05-24,33.5,33.58,32.75,32.75,11109200.0,0.0,白云山
600332,2023-05-25,32.71,32.91,32.33,32.66,7100000.0,0.0,白云山
600332,2023-05-26,32.58,35.93,32.58,35.93,36050000.0,0.0,白云山
600332,2023-05-29,35.8,37.09,35.63,36.73,33368000.0,0.0,白云山
600332,2023-05-30,36.73,36.74,35.71,36.1,14720500.0,0.0,白云山
600332,2023-05-31,36.09,36.54,35.58,35.9,14913700.0,0.0,白云山
600332,2023-06-01,35.51,35.81,34.45,34.6,15845800.0,0.0,白云山
600332,2023-06-02,34.62,34.85,34.37,34.5,12267700.0,0.0,白云山
600332,2023-06-05,34.7,34.9,34.28,34.77,11076500.0,0.0,白云山
600332,2023-06-06,34.67,34.68,33.5,33.52,14715300.0,0.0,白云山
600332,2023-06-07,33.83,34.17,33.38,34.05,10965100.0,0.0,白云山
600332,2023-06-08,34.0,34.24,33.45,33.75,7845100.0,0.0,白云山
600332,2023-06-09,33.75,34.06,33.2,33.61,11135600.0,0.0,白云山
600332,2023-06-12,33.55,33.58,33.1,33.48,9817400.0,0.0,白云山
600332,2023-06-13,33.41,33.5,32.91,33.2,11545700.0,0.0,白云山
600332,2023-06-14,32.99,33.6,32.9,33.27,10647400.0,0.0,白云山
600332,2023-06-15,33.2,33.35,32.71,33.04,12942200.0,0.0,白云山
600332,2023-06-16,32.53,32.76,32.24,32.4,10815700.0,0.0,白云山
600332,2023-06-19,32.28,32.9,32.15,32.25,11331300.0,0.0,白云山
600332,2023-06-20,32.25,32.5,32.04,32.07,9453700.0,0.0,白云山
600332,2023-06-21,32.08,32.11,31.44,31.44,11038800.0,0.0,白云山
600332,2023-06-26,30.88,31.12,30.49,30.81,13721400.0,0.0,白云山
600332,2023-06-27,30.87,31.58,30.82,31.43,7540100.0,0.0,白云山
600332,2023-06-28,31.45,31.83,31.09,31.82,8357000.0,0.0,白云山
600332,2023-06-29,31.83,32.29,31.7,32.16,9222700.0,0.0,白云山
600332,2023-06-30,32.15,32.47,31.82,31.88,11269400.0,0.0,白云山
600332,2023-07-03,31.88,31.96,31.39,31.64,9755600.0,0.0,白云山
600332,2023-07-04,31.57,31.93,31.48,31.6,6362000.0,0.0,白云山
600332,2023-07-05,31.6,31.73,31.09,31.2,7466300.0,0.0,白云山
600332,2023-07-06,31.21,31.51,30.82,30.96,10419900.0,0.0,白云山
600332,2023-07-07,30.91,31.59,30.91,31.39,7155300.0,0.0,白云山
600332,2023-07-10,31.6,31.62,31.25,31.3,4528000.0,0.0,白云山
600332,2023-07-11,31.3,31.58,31.13,31.55,4769700.0,0.0,白云山
600332,2023-07-12,31.64,31.65,31.18,31.24,5067400.0,0.0,白云山
600332,2023-07-13,31.34,31.55,31.34,31.49,4907200.0,0.0,白云山
600332,2023-07-14,31.5,31.6,31.14,31.29,6250900.0,0.0,白云山
600332,2023-07-17,31.29,31.48,31.0,31.48,5877400.0,0.0,白云山
600332,2023-07-18,31.46,31.55,31.22,31.3,4666000.0,0.0,白云山
600332,2023-07-19,31.3,31.41,31.07,31.2,4169100.0,0.0,白云山
600332,2023-07-20,31.28,31.4,31.02,31.07,4600700.0,0.0,白云山
600332,2023-07-21,31.02,31.49,30.99,31.44,5182500.0,0.0,白云山
600332,2023-07-24,31.4,31.6,31.12,31.24,5784800.0,0.0,白云山
600332,2023-07-25,31.46,31.79,31.3,31.75,8318300.0,0.0,白云山
600332,2023-07-26,31.72,32.05,31.61,31.83,6561200.0,0.0,白云山
600332,2023-07-27,31.73,31.91,31.67,31.7,4551700.0,0.0,白云山
600332,2023-07-28,31.64,32.15,31.59,32.1,7186400.0,0.0,白云山
600332,2023-07-31,32.1,32.39,31.81,31.86,11321100.0,0.0,白云山
600332,2023-08-01,31.76,32.05,31.67,31.81,7986700.0,0.0,白云山
600332,2023-08-02,31.8,31.8,31.16,31.19,8446900.0,0.0,白云山
600332,2023-08-03,31.12,31.65,31.12,31.65,7704900.0,0.0,白云山
600332,2023-08-04,31.67,32.09,31.67,31.82,9289500.0,0.0,白云山
600332,2023-08-07,31.73,31.81,31.11,31.18,9226300.0,0.0,白云山
600332,2023-08-08,31.05,31.25,30.3,31.07,14219300.0,0.0,白云山
600332,2023-08-09,31.07,31.34,30.8,31.18,6233400.0,0.0,白云山
600332,2023-08-10,31.13,31.3,30.95,31.16,3464700.0,0.0,白云山
600332,2023-08-11,31.15,31.47,30.84,31.0,6977900.0,0.0,白云山
600332,2023-08-14,30.8,31.24,30.63,31.22,5740100.0,0.0,白云山
600332,2023-08-15,31.22,31.62,31.06,31.59,7154200.0,0.0,白云山
600332,2023-08-16,31.6,31.75,31.38,31.42,5260600.0,0.0,白云山
600332,2023-08-17,31.13,31.63,31.1,31.54,5896200.0,0.0,白云山
600332,2023-08-18,31.61,31.68,31.16,31.19,5740000.0,0.0,白云山
600332,2023-08-21,31.19,31.26,30.5,30.51,9596600.0,0.0,白云山
600332,2023-08-22,30.65,30.77,30.1,30.47,6992100.0,0.0,白云山
600332,2023-08-23,30.4,30.7,30.3,30.32,4173900.0,0.0,白云山
600332,2023-08-24,30.23,30.51,30.11,30.28,4067900.0,0.0,白云山
600332,2023-08-25,30.2,30.46,29.96,30.04,4862100.0,0.0,白云山
600332,2023-08-28,31.32,31.5,30.44,30.54,10407300.0,0.0,白云山
600332,2023-08-29,30.51,30.96,30.45,30.89,5657900.0,0.0,白云山
600332,2023-08-30,30.96,31.02,30.67,30.92,5087800.0,0.0,白云山
600332,2023-08-31,30.83,31.13,30.75,30.92,5036800.0,0.0,白云山
600332,2023-09-01,30.94,31.15,30.87,31.03,3403400.0,0.0,白云山
600332,2023-09-04,31.05,31.08,30.81,31.06,5799400.0,0.0,白云山
600332,2023-09-05,30.97,31.19,30.86,30.93,3546000.0,0.0,白云山
600332,2023-09-06,30.85,30.97,30.78,30.89,2944500.0,0.0,白云山
600332,2023-09-07,30.83,30.89,30.33,30.37,3752400.0,0.0,白云山
600332,2023-09-08,30.32,30.43,30.11,30.27,2864700.0,0.0,白云山
600332,2023-09-11,30.33,30.97,30.33,30.89,5995400.0,0.0,白云山
600332,2023-09-12,30.9,31.16,30.83,30.96,4593400.0,0.0,白云山
600332,2023-09-13,30.97,31.06,30.55,30.72,3635900.0,0.0,白云山
600332,2023-09-14,30.79,30.97,30.67,30.81,3272200.0,0.0,白云山
600332,2023-09-15,30.9,31.1,30.74,30.91,4776700.0,0.0,白云山
600332,2023-09-18,30.97,31.12,30.82,31.09,4605100.0,0.0,白云山
600332,2023-09-19,31.08,31.21,30.96,31.16,4107900.0,0.0,白云山
600332,2023-09-20,31.14,31.26,30.97,31.03,3307000.0,0.0,白云山
600332,2023-09-21,31.08,31.13,30.74,30.82,4845700.0,0.0,白云山
600332,2023-09-22,30.91,30.98,30.6,30.92,4268600.0,0.0,白云山
600332,2023-09-25,30.9,31.2,30.79,31.05,5813000.0,0.0,白云山
600332,2023-09-26,31.0,31.23,30.96,31.03,4188800.0,0.0,白云山
600332,2023-09-27,31.18,31.52,31.01,31.4,7806400.0,0.0,白云山
600332,2023-09-28,31.56,31.68,31.36,31.42,6362000.0,0.0,白云山
600332,2023-10-09,31.42,31.43,30.96,31.26,5014500.0,0.0,白云山
600332,2023-10-10,31.26,31.39,30.83,30.86,5126600.0,0.0,白云山
600332,2023-10-11,30.93,31.28,30.92,31.04,5771500.0,0.0,白云山
600332,2023-10-12,31.12,31.34,30.96,31.13,4049200.0,0.0,白云山
600332,2023-10-13,31.0,31.38,30.95,31.19,4504200.0,0.0,白云山
600332,2023-10-16,31.28,31.39,30.6,30.73,5407900.0,0.0,白云山
600332,2023-10-17,30.75,30.75,30.3,30.67,5378000.0,0.0,白云山
600332,2023-10-18,30.53,30.6,29.48,29.48,11562200.0,0.0,白云山
600332,2023-10-19,29.42,29.59,28.74,28.76,10288000.0,0.0,白云山
600332,2023-10-20,28.77,28.87,28.56,28.62,5782500.0,0.0,白云山
600332,2023-10-23,28.51,28.65,28.15,28.33,5308900.0,0.0,白云山
600332,2023-10-24,28.43,28.53,28.11,28.3,7360200.0,0.0,白云山
600332,2023-10-25,28.44,28.64,28.37,28.58,5143800.0,0.0,白云山
600332,2023-10-26,28.45,28.83,28.35,28.8,4644700.0,0.0,白云山
600332,2023-10-27,28.78,29.62,28.61,29.42,7017000.0,0.0,白云山
600332,2023-10-30,29.3,29.91,29.25,29.57,7536900.0,0.0,白云山
600332,2023-10-31,29.85,30.28,29.7,29.81,7391300.0,0.0,白云山
600332,2023-11-01,29.92,30.04,29.65,29.83,5276700.0,0.0,白云山
600332,2023-11-02,29.74,29.94,29.53,29.56,5239700.0,0.0,白云山
600332,2023-11-03,29.51,29.78,29.45,29.55,4006700.0,0.0,白云山
600332,2023-11-06,29.61,29.85,29.61,29.78,5146600.0,0.0,白云山
600332,2023-11-07,29.73,29.73,29.43,29.53,6172900.0,0.0,白云山
600332,2023-11-08,29.46,29.74,29.43,29.55,5295700.0,0.0,白云山
600332,2023-11-09,29.53,29.73,29.32,29.39,4131100.0,0.0,白云山
600332,2023-11-10,29.31,29.54,29.16,29.37,3734700.0,0.0,白云山
600332,2023-11-13,29.45,29.45,29.08,29.32,5120600.0,0.0,白云山
600332,2023-11-14,29.36,29.59,29.3,29.39,3993200.0,0.0,白云山
600332,2023-11-15,29.65,29.68,29.45,29.59,4933100.0,0.0,白云山
600332,2023-11-16,29.53,29.66,29.29,29.29,3504700.0,0.0,白云山
600332,2023-11-17,29.29,29.54,29.18,29.51,4187400.0,0.0,白云山
600332,2023-11-20,29.51,29.83,29.5,29.81,6264100.0,0.0,白云山
600332,2023-11-21,29.81,30.11,29.7,29.88,7632000.0,0.0,白云山
600332,2023-11-22,29.88,30.03,29.67,29.8,4483900.0,0.0,白云山
600332,2023-11-23,29.86,30.38,29.83,30.31,8506900.0,0.0,白云山
600332,2023-11-24,30.35,30.86,30.32,30.73,10034300.0,0.0,白云山
600332,2023-11-27,30.92,30.98,30.28,30.41,9393800.0,0.0,白云山
600332,2023-11-28,30.4,30.61,30.02,30.43,6199200.0,0.0,白云山
600332,2023-11-29,30.39,30.46,29.95,30.04,5422400.0,0.0,白云山
600332,2023-11-30,29.95,30.27,29.89,30.15,6135800.0,0.0,白云山
600332,2023-12-01,30.05,30.17,29.9,30.06,5835100.0,0.0,白云山
600332,2023-12-04,30.05,30.12,29.73,29.83,5334100.0,0.0,白云山
600332,2023-12-05,29.82,30.03,29.6,29.64,5840100.0,0.0,白云山
600332,2023-12-06,29.55,29.57,29.24,29.36,6093100.0,0.0,白云山
600332,2023-12-07,29.25,29.35,28.88,29.01,6469800.0,0.0,白云山
600332,2023-12-08,28.94,29.27,28.92,29.09,5219100.0,0.0,白云山
600332,2023-12-11,28.94,29.32,28.75,29.29,6054300.0,0.0,白云山
600332,2023-12-12,29.24,29.49,29.17,29.28,5752200.0,0.0,白云山
600332,2023-12-13,29.23,29.58,29.19,29.26,6326900.0,0.0,白云山
600332,2023-12-14,29.24,29.51,29.12,29.18,5156000.0,0.0,白云山
600332,2023-12-15,29.24,29.27,28.83,28.83,4692200.0,0.0,白云山
600332,2023-12-18,28.8,29.13,28.67,28.78,4287100.0,0.0,白云山
600332,2023-12-19,28.79,28.81,28.25,28.48,6390300.0,0.0,白云山
600332,2023-12-20,28.5,28.65,28.31,28.34,3988300.0,0.0,白云山
600332,2023-12-21,28.25,28.61,28.05,28.59,4798400.0,0.0,白云山
600332,2023-12-22,28.55,28.68,28.32,28.5,3688000.0,0.0,白云山
600332,2023-12-25,28.5,28.56,28.03,28.33,5649000.0,0.0,白云山
600332,2023-12-26,28.27,28.3,27.91,28.03,4187300.0,0.0,白云山
600332,2023-12-27,28.03,28.2,27.86,28.16,3364400.0,0.0,白云山
600332,2023-12-28,28.17,28.66,28.05,28.65,6770100.0,0.0,白云山
600332,2023-12-29,28.53,28.71,28.47,28.6,7165900.0,0.0,白云山
600332,2024-01-02,28.61,29.04,28.52,28.82,7090500.0,0.0,白云山
600332,2024-01-03,28.77,29.33,28.75,29.21,8366400.0,0.0,白云山
600332,2024-01-04,29.14,29.23,28.9,29.19,5933600.0,0.0,白云山
600332,2024-01-05,29.2,29.25,28.81,28.89,5015300.0,0.0,白云山
600332,2024-01-08,28.76,28.94,28.42,28.58,5546800.0,0.0,白云山
600332,2024-01-09,28.51,28.66,28.31,28.51,5191100.0,0.0,白云山
600332,2024-01-10,28.52,28.78,28.37,28.54,4928200.0,0.0,白云山
600332,2024-01-11,28.51,28.63,28.22,28.53,5519700.0,0.0,白云山
600332,2024-01-12,28.49,28.62,28.1,28.13,5778100.0,0.0,白云山
600332,2024-01-15,28.05,28.3,27.98,28.19,4373100.0,0.0,白云山
600332,2024-01-16,28.12,28.28,27.95,28.22,4945300.0,0.0,白云山
600332,2024-01-17,28.16,28.34,27.88,27.88,6048700.0,0.0,白云山
600332,2024-01-18,27.72,27.74,26.68,27.5,13484500.0,0.0,白云山
600332,2024-01-19,27.37,27.85,27.31,27.51,6695900.0,0.0,白云山
600332,2024-01-22,27.51,27.62,26.68,26.86,7679900.0,0.0,白云山
600332,2024-01-23,26.85,27.08,26.5,26.97,5408100.0,0.0,白云山
600332,2024-01-24,27.05,27.36,26.73,27.33,5770600.0,0.0,白云山
600332,2024-01-25,27.3,28.28,27.25,28.28,9444500.0,0.0,白云山
600332,2024-01-26,28.23,28.56,28.1,28.35,7673600.0,0.0,白云山
600332,2024-01-29,28.37,28.86,28.36,28.5,7298400.0,0.0,白云山
600332,2024-01-30,28.35,28.66,28.07,28.13,8182700.0,0.0,白云山
600332,2024-01-31,27.73,27.92,27.3,27.33,7405900.0,0.0,白云山
600332,2024-02-01,27.15,27.91,27.14,27.57,6890600.0,0.0,白云山
600332,2024-02-02,27.53,27.92,26.68,27.38,8211200.0,0.0,白云山
600332,2024-02-05,27.46,27.85,26.5,27.63,11416300.0,0.0,白云山
600332,2024-02-06,27.56,28.8,27.37,28.65,13132000.0,0.0,白云山
600332,2024-02-07,28.62,29.15,28.45,29.05,12906200.0,0.0,白云山
600332,2024-02-08,29.24,29.35,28.62,29.08,12296400.0,0.0,白云山
600332,2024-02-19,29.15,29.49,28.9,29.38,10079400.0,0.0,白云山
600332,2024-02-20,29.31,29.86,29.23,29.54,7139400.0,0.0,白云山
600332,2024-02-21,29.34,29.8,29.25,29.42,8413200.0,0.0,白云山
600332,2024-02-22,29.33,29.65,29.32,29.65,5938700.0,0.0,白云山
600332,2024-02-23,29.55,29.84,29.53,29.8,6188100.0,0.0,白云山
600332,2024-02-26,29.67,29.78,29.43,29.51,5842700.0,0.0,白云山
600332,2024-02-27,29.42,29.56,29.35,29.55,5650000.0,0.0,白云山
600332,2024-02-28,29.55,29.82,29.35,29.35,7637600.0,0.0,白云山
600332,2024-02-29,29.09,29.6,29.08,29.58,6801700.0,0.0,白云山
600332,2024-03-01,29.58,29.93,29.46,29.81,7352000.0,0.0,白云山
600332,2024-03-04,29.82,30.28,29.77,30.15,8377500.0,0.0,白云山
600332,2024-03-05,30.11,30.18,29.91,30.09,5822900.0,0.0,白云山
600332,2024-03-06,30.04,30.28,29.95,30.02,5042500.0,0.0,白云山
600332,2024-03-07,30.02,30.3,29.91,30.02,6039600.0,0.0,白云山
600332,2024-03-08,30.05,30.15,29.69,29.91,4597200.0,0.0,白云山
600332,2024-03-11,29.88,30.02,29.66,29.85,6488200.0,0.0,白云山
600332,2024-03-12,29.86,30.3,29.84,30.23,8797000.0,0.0,白云山
600332,2024-03-13,30.2,30.2,29.67,29.81,7212500.0,0.0,白云山
600332,2024-03-14,30.01,30.16,29.81,29.86,6886000.0,0.0,白云山
600332,2024-03-15,29.87,30.21,29.83,30.21,6812300.0,0.0,白云山
600332,2024-03-18,29.36,29.49,28.89,29.26,22644200.0,0.0,白云山
600332,2024-03-19,29.22,29.35,29.04,29.09,9553500.0,0.0,白云山
600332,2024-03-20,29.15,29.37,29.1,29.24,7770200.0,0.0,白云山
600332,2024-03-21,29.17,29.34,29.06,29.13,5455900.0,0.0,白云山
600332,2024-03-22,29.06,29.08,28.64,28.87,6708300.0,0.0,白云山
600332,2024-03-25,28.75,28.87,28.33,28.37,9344600.0,0.0,白云山
600332,2024-03-26,28.3,28.61,28.22,28.54,5412700.0,0.0,白云山
600332,2024-03-27,28.54,28.93,28.49,28.62,7303600.0,0.0,白云山
600332,2024-03-28,28.54,28.83,28.36,28.65,5864600.0,0.0,白云山
600332,2024-03-29,28.63,28.86,28.58,28.85,4941700.0,0.0,白云山
600332,2024-04-01,28.86,29.16,28.77,29.15,7454300.0,0.0,白云山
600332,2024-04-02,29.1,29.22,28.92,29.06,4423100.0,0.0,白云山
600332,2024-04-03,29.04,29.2,28.96,29.13,4901000.0,0.0,白云山
600332,2024-04-08,29.0,29.0,28.67,28.7,6935800.0,0.0,白云山
600332,2024-04-09,28.71,28.96,28.53,28.94,6730100.0,0.0,白云山
600332,2024-04-10,28.84,29.09,28.67,28.76,5920000.0,0.0,白云山
600332,2024-04-11,28.67,28.9,28.6,28.84,4109000.0,0.0,白云山
600332,2024-04-12,28.79,28.88,28.55,28.61,4512700.0,0.0,白云山
600332,2024-04-15,28.7,29.44,28.62,29.38,11234600.0,0.0,白云山
600332,2024-04-16,29.31,30.3,29.3,29.9,16155400.0,0.0,白云山
600332,2024-04-17,29.99,30.42,29.55,30.33,11322500.0,0.0,白云山
600332,2024-04-18,30.25,31.06,30.24,30.7,14583400.0,0.0,白云山
600332,2024-04-19,30.52,31.61,30.52,31.54,17208600.0,0.0,白云山
600332,2024-04-22,31.5,32.45,31.5,31.55,15817700.0,0.0,白云山
600332,2024-04-23,31.56,31.67,31.14,31.36,9698900.0,0.0,白云山
600332,2024-04-24,31.34,31.42,30.92,31.32,7565200.0,0.0,白云山
600332,2024-04-25,31.26,31.71,31.18,31.25,6218600.0,0.0,白云山
600332,2024-04-26,31.2,31.4,30.98,31.16,8423400.0,0.0,白云山
600332,2024-04-29,31.02,32.15,30.95,31.82,13597100.0,0.0,白云山
600332,2024-04-30,31.85,32.4,31.71,32.08,11340600.0,0.0,白云山
600332,2024-05-06,32.36,32.63,32.0,32.47,10514000.0,0.0,白云山
600332,2024-05-07,32.38,32.57,32.22,32.41,7173700.0,0.0,白云山
600332,2024-05-08,32.42,32.67,32.0,32.17,6739400.0,0.0,白云山
600332,2024-05-09,32.12,32.45,32.01,32.22,6642200.0,0.0,白云山
600332,2024-05-10,32.31,32.42,32.12,32.17,6326100.0,0.0,白云山
600332,2024-05-13,32.17,32.9,32.05,32.82,13648300.0,0.0,白云山
600332,2024-05-14,32.8,33.48,32.6,33.06,15401200.0,0.0,白云山
600332,2024-05-15,33.08,33.27,32.74,32.89,8355700.0,0.0,白云山
600332,2024-05-16,32.81,33.19,32.58,32.7,7110900.0,0.0,白云山
600332,2024-05-17,32.69,32.84,32.13,32.62,8212800.0,0.0,白云山
600332,2024-05-20,32.62,32.86,32.48,32.79,6452000.0,0.0,白云山
600332,2024-05-21,32.72,32.77,32.2,32.33,7572000.0,0.0,白云山
600332,2024-05-22,32.3,32.45,31.79,31.82,7360500.0,0.0,白云山
600332,2024-05-23,31.71,31.96,31.44,31.52,5950800.0,0.0,白云山
600332,2024-05-24,31.53,31.96,31.53,31.7,6342200.0,0.0,白云山
600332,2024-05-27,31.7,32.32,31.6,32.21,7063000.0,0.0,白云山
600332,2024-05-28,32.27,32.35,32.01,32.05,4671900.0,0.0,白云山
600332,2024-05-29,32.07,32.19,31.58,31.65,5222500.0,0.0,白云山
600332,2024-05-30,31.6,31.78,31.35,31.41,3855500.0,0.0,白云山
600332,2024-05-31,31.61,31.75,31.4,31.4,3935900.0,0.0,白云山
600332,2024-06-03,31.32,31.63,31.03,31.19,6431200.0,0.0,白云山
600332,2024-06-04,31.09,31.85,31.07,31.79,6030100.0,0.0,白云山
600332,2024-06-05,31.79,32.05,31.5,31.6,4929600.0,0.0,白云山
600332,2024-06-06,31.58,31.8,31.41,31.5,6039600.0,0.0,白云山
600332,2024-06-07,31.65,31.85,31.34,31.79,6114800.0,0.0,白云山
600332,2024-06-11,31.64,31.85,31.33,31.37,5592800.0,0.0,白云山
600332,2024-06-12,31.36,31.37,30.91,31.11,5235500.0,0.0,白云山
600332,2024-06-13,31.11,31.2,30.58,30.67,7582400.0,0.0,白云山
600332,2024-06-14,30.6,31.04,30.51,30.95,7193900.0,0.0,白云山
600332,2024-06-17,30.86,31.23,30.31,30.54,11020600.0,0.0,白云山
600332,2024-06-18,29.93,30.04,29.57,29.79,7161400.0,0.0,白云山
600332,2024-06-19,29.89,30.01,29.6,29.86,5123500.0,0.0,白云山
600332,2024-06-20,29.8,29.94,29.3,29.46,6042200.0,0.0,白云山
600332,2024-06-21,29.45,29.8,29.36,29.49,4369900.0,0.0,白云山
600332,2024-06-24,29.31,29.66,28.96,29.08,6497500.0,0.0,白云山
600332,2024-06-25,29.23,29.73,29.08,29.29,6006600.0,0.0,白云山
600332,2024-06-26,29.2,29.64,29.06,29.57,5286700.0,0.0,白云山
600332,2024-06-27,29.6,29.6,29.08,29.23,4547600.0,0.0,白云山
600332,2024-06-28,29.18,29.48,29.07,29.33,5265600.0,0.0,白云山
600332,2024-07-01,29.16,29.85,29.16,29.77,6402200.0,0.0,白云山
600332,2024-07-02,29.71,29.89,29.49,29.57,4456900.0,0.0,白云山
600332,2024-07-03,29.52,29.72,29.28,29.34,3815700.0,0.0,白云山
600332,2024-07-04,29.36,29.45,28.83,28.96,5043500.0,0.0,白云山
600332,2024-07-05,28.95,29.62,28.9,29.55,5797300.0,0.0,白云山
600332,2024-07-08,29.51,29.61,29.06,29.18,5264900.0,0.0,白云山
600332,2024-07-09,29.13,29.38,28.88,29.38,5625100.0,0.0,白云山
600332,2024-07-10,29.28,29.47,29.03,29.1,4849600.0,0.0,白云山
600332,2024-07-11,29.3,29.51,28.95,29.45,8182500.0,0.0,白云山
600332,2024-07-12,29.4,29.44,29.04,29.34,5940400.0,0.0,白云山
600332,2024-07-15,29.24,29.61,29.15,29.57,6248300.0,0.0,白云山
600332,2024-07-16,29.59,30.07,29.43,29.75,9187400.0,0.0,白云山
600332,2024-07-17,29.73,30.22,29.24,30.16,10237500.0,0.0,白云山
600332,2024-07-18,30.03,30.55,29.9,30.53,9996400.0,0.0,白云山
600332,2024-07-19,30.45,30.86,30.4,30.8,8973200.0,0.0,白云山
600332,2024-07-22,30.75,31.13,30.4,30.98,10024600.0,0.0,白云山
600332,2024-07-23,30.91,31.15,29.5,29.99,15668800.0,0.0,白云山
600332,2024-07-24,29.79,30.26,29.78,29.97,8013700.0,0.0,白云山
600332,2024-07-25,29.98,30.11,29.56,30.01,6803000.0,0.0,白云山
600332,2024-07-26,29.86,30.07,29.56,29.85,5631000.0,0.0,白云山
600332,2024-07-29,29.78,29.85,28.15,28.46,12746100.0,0.0,白云山
600332,2024-07-30,28.34,28.59,27.98,28.52,7960900.0,0.0,白云山
600332,2024-07-31,28.52,29.4,28.41,29.28,7348000.0,0.0,白云山
600332,2024-08-01,29.21,29.76,29.0,29.06,5958000.0,0.0,白云山
600332,2024-08-02,29.0,29.84,28.9,29.42,6410300.0,0.0,白云山
600332,2024-08-05,29.42,30.1,29.31,29.44,7829900.0,0.0,白云山
600332,2024-08-06,29.55,29.8,29.32,29.77,6124800.0,0.0,白云山
600332,2024-08-07,29.71,29.71,29.3,29.4,4790900.0,0.0,白云山
600332,2024-08-08,29.33,29.93,29.33,29.82,5399600.0,0.0,白云山
600332,2024-08-09,29.82,29.94,29.35,29.36,4826000.0,0.0,白云山
600332,2024-08-12,29.3,30.4,29.22,30.08,9270500.0,0.0,白云山
600332,2024-08-13,30.0,30.09,29.64,29.93,5448000.0,0.0,白云山
600332,2024-08-14,29.82,29.95,29.45,29.56,3831900.0,0.0,白云山
600332,2024-08-15,29.46,29.99,29.41,29.76,4903100.0,0.0,白云山
600332,2024-08-16,29.67,29.98,29.57,29.9,4279700.0,0.0,白云山
600332,2024-08-19,29.9,30.35,29.81,29.85,4740500.0,0.0,白云山
600332,2024-08-20,29.94,30.06,29.48,29.59,4282200.0,0.0,白云山
600332,2024-08-21,29.7,29.76,29.18,29.26,4263000.0,0.0,白云山
600332,2024-08-22,29.23,29.35,28.98,29.06,3382600.0,0.0,白云山
600332,2024-08-23,29.1,29.26,28.93,29.07,2898000.0,0.0,白云山
600332,2024-08-26,29.01,29.07,28.46,28.65,6394300.0,0.0,白云山
600332,2024-08-27,28.51,28.81,28.5,28.65,4006300.0,0.0,白云山
600332,2024-08-28,28.85,28.92,28.64,28.7,3544200.0,0.0,白云山
600332,2024-08-29,28.6,28.98,28.59,28.63,4890300.0,0.0,白云山
600332,2024-08-30,28.5,29.15,28.21,28.79,8991100.0,0.0,白云山
600332,2024-09-02,27.99,28.22,26.51,26.71,29036100.0,0.0,白云山
600332,2024-09-03,26.5,26.73,26.21,26.35,14017400.0,0.0,白云山
600332,2024-09-04,26.18,26.49,26.09,26.22,8292900.0,0.0,白云山
600332,2024-09-05,26.2,26.47,26.18,26.44,7045700.0,0.0,白云山
600332,2024-09-06,26.44,26.52,26.26,26.29,5455900.0,0.0,白云山
600332,2024-09-09,26.15,26.22,25.58,25.74,10116800.0,0.0,白云山
600332,2024-09-10,25.79,25.79,25.0,25.33,10922600.0,0.0,白云山
600332,2024-09-11,25.19,25.36,24.96,25.16,5555100.0,0.0,白云山
600332,2024-09-12,25.2,25.24,24.58,24.59,10814900.0,0.0,白云山
600332,2024-09-13,24.65,24.81,24.39,24.61,5057200.0,0.0,白云山
600332,2024-09-18,24.53,24.69,24.3,24.69,5581900.0,0.0,白云山
600332,2024-09-19,24.84,25.24,24.4,25.08,8965500.0,0.0,白云山
600332,2024-09-20,25.17,25.17,24.75,25.04,6247000.0,0.0,白云山
600332,2024-09-23,25.01,25.25,24.8,24.91,6837000.0,0.0,白云山
600332,2024-09-24,24.99,25.74,24.92,25.74,12162500.0,0.0,白云山
600332,2024-09-25,26.0,26.62,26.0,26.11,14897700.0,0.0,白云山
600332,2024-09-26,26.11,27.33,25.95,27.33,15296400.0,0.0,白云山
600332,2024-09-27,27.67,28.38,27.51,28.38,11074900.0,0.0,白云山
600332,2024-09-30,28.94,30.97,28.94,30.66,33149000.0,0.0,白云山
600332,2024-10-08,33.72,33.72,30.0,31.32,41778800.0,0.0,白云山
600332,2024-10-09,30.98,30.98,28.77,28.86,26917500.0,0.0,白云山
600332,2024-10-10,28.95,30.3,28.95,29.33,18415900.0,0.0,白云山
600332,2024-10-11,29.33,29.46,28.39,28.71,13190400.0,0.0,白云山
600332,2024-10-14,28.74,28.92,28.07,28.74,13178500.0,0.0,白云山
600332,2024-10-15,28.58,28.79,28.14,28.15,10047300.0,0.0,白云山
600332,2024-10-16,28.0,28.27,27.74,28.01,7618800.0,0.0,白云山
600332,2024-10-17,28.1,28.25,27.67,27.69,6792900.0,0.0,白云山
600332,2024-10-18,27.69,28.77,27.55,28.35,13015800.0,0.0,白云山
600332,2024-10-21,28.36,28.89,28.21,28.67,13295000.0,0.0,白云山
600332,2024-10-22,28.67,29.16,28.59,28.79,11113900.0,0.0,白云山
600332,2024-10-23,28.81,29.1,28.66,28.95,10035200.0,0.0,白云山
600332,2024-10-24,28.91,29.11,28.66,28.79,8324500.0,0.0,白云山
600332,2024-10-25,28.49,28.6,28.28,28.53,7375300.0,0.0,白云山
600332,2024-10-28,28.0,28.5,27.61,28.5,11488200.0,0.0,白云山
600332,2024-10-29,28.51,28.78,28.14,28.22,8653300.0,0.0,白云山
600332,2024-10-30,28.14,28.45,28.01,28.24,6317700.0,0.0,白云山
600332,2024-10-31,28.13,28.21,27.8,27.92,10076000.0,0.0,白云山
600332,2024-11-01,27.82,28.38,27.73,28.1,9914900.0,0.0,白云山
600332,2024-11-04,28.14,28.37,28.04,28.36,7460300.0,0.0,白云山
600332,2024-11-05,28.31,28.77,28.16,28.75,12641700.0,0.0,白云山
600332,2024-11-06,28.79,29.07,28.57,29.01,12300000.0,0.0,白云山
600332,2024-11-07,28.88,29.8,28.76,29.8,15387600.0,0.0,白云山
600332,2024-11-08,29.88,30.0,29.41,29.57,14243100.0,0.0,白云山
600332,2024-11-11,29.5,29.57,28.95,29.38,11629700.0,0.0,白云山
600332,2024-11-12,29.35,30.23,29.33,29.65,19434200.0,0.0,白云山
600332,2024-11-13,29.65,30.08,29.46,29.8,11667100.0,0.0,白云山
600332,2024-11-14,29.84,29.85,29.18,29.18,10360800.0,0.0,白云山
600332,2024-11-15,29.17,29.37,28.89,28.89,6699900.0,0.0,白云山
600332,2024-11-18,28.85,29.38,28.52,28.59,10469900.0,0.0,白云山
600332,2024-11-19,28.68,28.93,28.39,28.74,6185400.0,0.0,白云山
600332,2024-11-20,28.62,29.07,28.58,29.04,7105400.0,0.0,白云山
600332,2024-11-21,28.98,29.1,28.74,28.93,4076300.0,0.0,白云山
600332,2024-11-22,28.91,29.02,28.06,28.06,7827900.0,0.0,白云山
600332,2024-11-25,28.09,28.26,27.9,28.14,7875800.0,0.0,白云山
600332,2024-11-26,28.06,28.47,27.93,28.18,5157700.0,0.0,白云山
600332,2024-11-27,28.17,28.85,28.09,28.68,8699300.0,0.0,白云山
600332,2024-11-28,28.83,28.9,28.59,28.71,5554300.0,0.0,白云山
600332,2024-11-29,28.62,29.2,28.62,29.01,8445700.0,0.0,白云山
600332,2024-12-02,29.02,29.1,28.86,28.99,7887700.0,0.0,白云山
600332,2024-12-03,28.92,29.13,28.76,28.95,6054700.0,0.0,白云山
600332,2024-12-04,28.8,28.9,28.61,28.71,5011500.0,0.0,白云山
600332,2024-12-05,28.68,28.7,28.46,28.62,4382100.0,0.0,白云山
600332,2024-12-06,28.61,28.94,28.61,28.86,6678300.0,0.0,白云山
600332,2024-12-09,28.83,29.15,28.62,28.78,5937100.0,0.0,白云山
600332,2024-12-10,29.28,29.37,28.73,28.79,9658400.0,0.0,白云山
600332,2024-12-11,28.85,29.12,28.72,29.02,6585200.0,0.0,白云山
600332,2024-12-12,29.02,29.64,28.88,29.57,13485600.0,0.0,白云山
600332,2024-12-13,29.5,29.52,29.01,29.02,9976700.0,0.0,白云山
600332,2024-12-16,29.02,29.25,28.71,28.75,7730200.0,0.0,白云山
600332,2024-12-17,28.8,29.05,28.59,28.67,6167800.0,0.0,白云山
600332,2024-12-18,28.75,28.93,28.75,28.8,3883800.0,0.0,白云山
600332,2024-12-19,28.65,28.89,28.52,28.89,4585800.0,0.0,白云山
600332,2024-12-20,28.88,29.2,28.79,29.06,5053700.0,0.0,白云山
600332,2024-12-23,28.96,29.13,28.75,28.77,5986500.0,0.0,白云山
600332,2024-12-24,28.74,28.95,28.69,28.9,4279300.0,0.0,白云山
600332,2024-12-25,28.93,29.13,28.83,29.07,6539000.0,0.0,白云山
600332,2024-12-26,29.11,29.13,28.7,28.74,6691000.0,0.0,白云山
600332,2024-12-27,28.56,28.9,28.48,28.78,5339000.0,0.0,白云山
600332,2024-12-30,28.74,29.02,28.66,28.8,5391400.0,0.0,白云山
600332,2024-12-31,28.8,28.84,28.39,28.42,7283400.0,0.0,白云山
600332,2025-01-02,28.39,28.59,27.35,27.53,9873500.0,0.0,白云山
600332,2025-01-03,27.52,27.92,27.27,27.41,7010300.0,0.0,白云山
600332,2025-01-06,27.46,27.99,27.45,27.73,7976800.0,0.0,白云山
600332,2025-01-07,27.74,27.74,27.03,27.28,6983000.0,0.0,白云山
600332,2025-01-08,27.18,27.38,26.8,26.99,6892300.0,0.0,白云山
600332,2025-01-09,26.94,27.12,26.67,26.93,4210300.0,0.0,白云山
600332,2025-01-10,26.95,27.03,26.57,26.59,4688200.0,0.0,白云山
600332,2025-01-13,26.56,26.82,26.42,26.64,4249000.0,0.0,白云山
600332,2025-01-14,26.88,27.23,26.61,27.22,5585500.0,0.0,白云山
600332,2025-01-15,27.14,27.3,27.03,27.1,3556500.0,0.0,白云山
600332,2025-01-16,27.11,27.29,26.87,26.95,4536300.0,0.0,白云山
600332,2025-01-17,26.82,27.16,26.8,27.04,3335100.0,0.0,白云山
600332,2025-01-20,27.06,27.28,26.9,26.93,4914000.0,0.0,白云山
600332,2025-01-21,27.03,27.05,26.76,26.8,4175500.0,0.0,白云山
600332,2025-01-22,26.74,26.8,26.56,26.7,4069100.0,0.0,白云山
600332,2025-01-23,26.82,27.03,26.75,26.79,4416700.0,0.0,白云山
600332,2025-01-24,26.8,26.86,26.61,26.8,3979000.0,0.0,白云山
600332,2025-01-27,26.81,27.04,26.75,26.9,5107800.0,0.0,白云山
600332,2025-02-05,27.05,27.09,26.77,27.0,5923200.0,0.0,白云山
600332,2025-02-06,26.88,27.11,26.81,27.1,6169900.0,0.0,白云山
600332,2025-02-07,27.11,27.26,26.95,27.13,8558300.0,0.0,白云山
600332,2025-02-10,27.13,27.24,27.07,27.23,6571000.0,0.0,白云山
600332,2025-02-11,27.23,27.26,26.94,27.09,5784000.0,0.0,白云山
600332,2025-02-12,27.01,27.15,26.93,27.13,4903600.0,0.0,白云山
600332,2025-02-13,27.08,27.33,26.99,27.13,6194800.0,0.0,白云山
600332,2025-02-14,27.07,27.33,27.06,27.28,6679100.0,0.0,白云山
600332,2025-02-17,27.36,27.38,27.1,27.21,6608700.0,0.0,白云山
600332,2025-02-18,27.19,27.23,26.5,26.83,7599900.0,0.0,白云山
600332,2025-02-19,26.85,26.96,26.74,26.91,4824700.0,0.0,白云山
600332,2025-02-20,26.89,27.22,26.88,26.91,5486000.0,0.0,白云山
600332,2025-02-21,26.92,27.03,26.66,26.75,9764500.0,0.0,白云山
600332,2025-02-24,26.73,26.88,26.66,26.72,6716400.0,0.0,白云山
600332,2025-02-25,26.66,26.75,26.42,26.45,6880200.0,0.0,白云山
600332,2025-02-26,26.45,26.57,26.41,26.55,4665000.0,0.0,白云山
600332,2025-02-27,26.55,26.72,26.51,26.7,5913100.0,0.0,白云山
600332,2025-02-28,26.65,26.95,26.54,26.59,8909500.0,0.0,白云山
600332,2025-03-03,26.6,26.9,26.6,26.71,6535000.0,0.0,白云山
600332,2025-03-04,26.63,26.73,26.56,26.67,4819800.0,0.0,白云山
600332,2025-03-05,26.65,26.67,26.47,26.51,4493900.0,0.0,白云山
600332,2025-03-06,26.51,26.71,26.4,26.62,8645200.0,0.0,白云山
600332,2025-03-07,26.62,26.74,26.51,26.57,5494800.0,0.0,白云山
600332,2025-03-10,26.69,26.98,26.59,26.9,9066500.0,0.0,白云山
600332,2025-03-11,26.8,27.52,26.66,27.22,12775000.0,0.0,白云山
600332,2025-03-12,27.25,27.38,27.1,27.15,8365200.0,0.0,白云山
600332,2025-03-13,27.07,27.24,27.0,27.21,7006600.0,0.0,白云山
600332,2025-03-14,26.6,26.99,26.51,26.95,19832100.0,0.0,白云山
600332,2025-03-17,26.9,26.96,26.75,26.82,12242300.0,0.0,白云山
600332,2025-03-18,26.83,26.95,26.72,26.85,7908200.0,0.0,白云山
600332,2025-03-19,26.8,26.89,26.77,26.78,5963300.0,0.0,白云山
600332,2025-03-20,26.78,26.79,26.59,26.66,6902400.0,0.0,白云山
600332,2025-03-21,26.8,26.95,26.56,26.6,10385500.0,0.0,白云山
600332,2025-03-24,26.55,26.87,26.55,26.69,8114000.0,0.0,白云山
600332,2025-03-25,26.65,26.92,26.57,26.87,8458100.0,0.0,白云山
600332,2025-03-26,26.87,26.92,26.72,26.88,6539300.0,0.0,白云山
600332,2025-03-27,26.85,26.9,26.76,26.89,5551200.0,0.0,白云山
600332,2025-03-28,26.84,27.05,26.76,26.77,7112500.0,0.0,白云山
600332,2025-03-31,26.65,26.8,26.39,26.46,7432200.0,0.0,白云山
600332,2025-04-01,26.5,26.99,26.47,26.93,13171600.0,0.0,白云山
600332,2025-04-02,26.93,27.03,26.78,26.84,4362700.0,0.0,白云山
600332,2025-04-03,26.7,27.0,26.65,26.88,5296400.0,0.0,白云山
600332,2025-04-07,26.28,26.38,24.56,25.24,18549400.0,0.0,白云山
600332,2025-04-08,25.3,25.87,25.27,25.87,12938300.0,0.0,白云山
600332,2025-04-09,25.71,26.3,25.35,26.3,9269500.0,0.0,白云山
600332,2025-04-10,26.5,26.5,26.02,26.4,8870000.0,0.0,白云山
600332,2025-04-11,26.15,26.32,26.02,26.09,5582000.0,0.0,白云山
600332,2025-04-14,26.15,26.24,26.07,26.21,4513700.0,0.0,白云山
600332,2025-04-15,26.11,26.33,25.99,26.16,5574900.0,0.0,白云山
600332,2025-04-16,26.09,26.37,25.97,26.37,5896900.0,0.0,白云山
600332,2025-04-17,26.15,26.29,26.1,26.29,3146300.0,0.0,白云山
600332,2025-04-18,26.27,26.33,26.14,26.21,2186600.0,0.0,白云山
600332,2025-04-21,26.14,26.21,26.08,26.14,2994400.0,0.0,白云山
600332,2025-04-22,26.1,26.38,26.08,26.25,4183100.0,0.0,白云山
600332,2025-04-23,26.22,26.25,26.06,26.07,5146500.0,0.0,白云山
600332,2025-04-24,26.08,26.18,26.01,26.09,2944100.0,0.0,白云山
600332,2025-04-25,26.11,26.13,25.98,26.0,3380700.0,0.0,白云山
600332,2025-04-28,26.0,26.0,25.83,25.87,3313900.0,0.0,白云山
600332,2025-04-29,25.87,25.87,25.62,25.71,3732700.0,0.0,白云山
600332,2025-04-30,26.1,26.62,26.1,26.43,12754500.0,0.0,白云山
600332,2025-05-06,26.61,26.61,26.27,26.4,6607700.0,0.0,白云山
600332,2025-05-07,26.59,26.62,26.36,26.62,6182100.0,0.0,白云山
600332,2025-05-08,26.55,26.62,26.43,26.52,4211800.0,0.0,白云山
600332,2025-05-09,26.5,26.8,26.47,26.51,5686500.0,0.0,白云山
600332,2025-05-12,26.6,26.63,26.38,26.63,4571100.0,0.0,白云山
600332,2025-05-13,26.7,26.84,26.63,26.83,5069000.0,0.0,白云山
600332,2025-05-14,26.82,26.82,26.55,26.76,3818800.0,0.0,白云山
600332,2025-05-15,26.74,26.82,26.66,26.75,3531300.0,0.0,白云山
600332,2025-05-16,26.75,26.8,26.61,26.79,4236100.0,0.0,白云山
600332,2025-05-19,26.71,26.94,26.63,26.89,3754100.0,0.0,白云山
600332,2025-05-20,26.89,27.13,26.89,27.06,5234600.0,0.0,白云山
600332,2025-05-21,27.11,27.42,27.05,27.11,6397000.0,0.0,白云山
600332,2025-05-22,27.13,27.15,26.94,27.04,4141500.0,0.0,白云山
600332,2025-05-23,27.05,27.26,26.9,26.92,5178300.0,0.0,白云山
600332,2025-05-26,27.0,27.01,26.61,26.75,4448400.0,0.0,白云山
600332,2025-05-27,26.8,26.91,26.7,26.87,2951800.0,0.0,白云山
600332,2025-05-28,26.91,26.92,26.72,26.77,2488700.0,0.0,白云山
600332,2025-05-29,26.78,26.97,26.68,26.91,3718200.0,0.0,白云山
600332,2025-05-30,26.88,27.26,26.8,27.03,5068000.0,0.0,白云山
600332,2025-06-03,26.9,27.3,26.89,27.27,6643400.0,0.0,白云山
600332,2025-06-04,27.26,27.33,27.16,27.19,4936700.0,0.0,白云山
600332,2025-06-05,27.19,27.24,26.85,26.96,6374500.0,0.0,白云山
600332,2025-06-06,26.96,27.1,26.87,26.96,3206700.0,0.0,白云山
600332,2025-06-09,26.92,27.2,26.91,27.07,4403400.0,0.0,白云山
600332,2025-06-10,27.07,27.24,26.95,27.06,5981000.0,0.0,白云山
600332,2025-06-11,27.14,27.18,27.03,27.06,4085500.0,0.0,白云山
600332,2025-06-12,27.0,27.08,26.75,26.86,6193500.0,0.0,白云山
600332,2025-06-13,26.86,26.99,26.63,26.76,6294200.0,0.0,白云山
600332,2025-06-16,26.69,26.73,26.46,26.58,5976100.0,0.0,白云山
600332,2025-06-17,26.64,26.72,26.46,26.53,4257000.0,0.0,白云山
600332,2025-06-18,26.53,26.58,26.32,26.35,3835100.0,0.0,白云山
600332,2025-06-19,25.95,26.02,25.75,25.79,4181200.0,0.0,白云山
600332,2025-06-20,25.82,25.95,25.81,25.88,3388900.0,0.0,白云山
600332,2025-06-23,25.81,25.87,25.68,25.8,3447400.0,0.0,白云山
600332,2025-06-24,25.85,26.1,25.8,26.08,5071700.0,0.0,白云山
600332,2025-06-25,26.07,26.27,25.95,26.26,5188400.0,0.0,白云山
600332,2025-06-26,26.26,26.43,26.2,26.35,4461500.0,0.0,白云山
600332,2025-06-27,26.33,26.42,26.28,26.31,3673200.0,0.0,白云山
600332,2025-06-30,26.33,26.4,26.24,26.36,3748600.0,0.0,白云山
600332,2025-07-01,26.4,26.4,26.29,26.37,4338100.0,0.0,白云山
600332,2025-07-02,26.38,26.4,26.3,26.36,3678800.0,0.0,白云山
600332,2025-07-03,26.38,26.5,26.32,26.46,3624500.0,0.0,白云山
600332,2025-07-04,26.5,26.58,26.41,26.48,4254700.0,0.0,白云山
600332,2025-07-07,26.5,26.53,26.37,26.42,3270400.0,0.0,白云山
600332,2025-07-08,26.42,26.52,26.34,26.5,4328900.0,0.0,白云山
600332,2025-07-09,26.5,26.61,26.38,26.5,5182900.0,0.0,白云山
600332,2025-07-10,26.5,26.68,26.48,26.66,5254000.0,0.0,白云山
600332,2025-07-11,26.66,26.88,26.6,26.75,7494100.0,0.0,白云山
600332,2025-07-14,26.76,26.85,26.68,26.72,5286400.0,0.0,白云山
600332,2025-07-15,26.72,26.76,26.45,26.49,5051600.0,0.0,白云山
600332,2025-07-16,26.59,26.75,26.5,26.74,4484200.0,0.0,白云山
600332,2025-07-17,26.72,26.84,26.67,26.7,5112500.0,0.0,白云山
600332,2025-07-18,26.73,26.79,26.63,26.79,4779800.0,0.0,白云山
600332,2025-07-21,26.79,26.87,26.66,26.84,7693200.0,0.0,白云山
600332,2025-07-22,26.82,27.05,26.75,26.95,10083000.0,0.0,白云山
600332,2025-07-23,26.98,27.12,26.77,26.94,10045200.0,0.0,白云山
600332,2025-07-24,26.87,27.21,26.8,27.15,11704900.0,0.0,白云山
600332,2025-07-25,27.15,27.29,26.85,26.9,12665700.0,0.0,白云山
600332,2025-07-28,26.89,27.13,26.72,26.85,10737200.0,0.0,白云山
600332,2025-07-29,26.85,26.85,26.53,26.7,13547000.0,0.0,白云山
600332,2025-07-30,26.65,27.46,26.61,27.03,24059800.0,0.0,白云山
600332,2025-07-31,26.92,27.14,26.74,26.86,13131900.0,0.0,白云山
600332,2025-08-01,26.86,27.43,26.77,27.18,16796100.0,0.0,白云山
600332,2025-08-04,27.1,27.27,26.76,27.04,12422400.0,0.0,白云山
600332,2025-08-05,27.04,27.07,26.88,26.94,9213300.0,0.0,白云山
600332,2025-08-06,26.95,27.01,26.67,26.71,13521900.0,0.0,白云山
600332,2025-08-07,26.72,26.81,26.67,26.7,7257200.0,0.0,白云山
600332,2025-08-08,26.7,26.76,26.64,26.68,5715000.0,0.0,白云山
600332,2025-08-11,26.7,26.75,26.64,26.75,7768800.0,0.0,白云山
600332,2025-08-12,26.75,26.88,26.73,26.81,8210700.0,0.0,白云山
600332,2025-08-13,26.81,26.84,26.69,26.78,7964100.0,0.0,白云山
600332,2025-08-14,26.79,27.02,26.7,26.71,12534600.0,0.0,白云山
600332,2025-08-15,26.68,26.81,26.62,26.81,7872700.0,0.0,白云山
600332,2025-08-18,27.14,27.85,27.13,27.43,26147700.0,0.0,白云山
600332,2025-08-19,27.44,27.55,27.09,27.16,14359000.0,0.0,白云山
600332,2025-08-20,27.16,27.35,27.06,27.35,9034100.0,0.0,白云山
600332,2025-08-21,27.35,27.62,27.3,27.49,11528000.0,0.0,白云山
600332,2025-08-22,27.5,27.55,27.18,27.44,10479200.0,0.0,白云山
600332,2025-08-25,27.44,27.59,27.39,27.59,15090100.0,0.0,白云山
600332,2025-08-26,27.57,27.62,27.47,27.52,10439900.0,0.0,白云山
600332,2025-08-27,27.5,27.52,26.94,26.96,16674600.0,0.0,白云山
600332,2025-08-28,26.97,27.14,26.57,26.84,16063300.0,0.0,白云山
600332,2025-08-29,26.88,27.22,26.53,26.55,27020300.0,0.0,白云山
600332,2025-09-01,26.67,27.12,26.53,26.61,24326000.0,0.0,白云山
600332,2025-09-02,26.65,26.92,26.52,26.73,14688800.0,0.0,白云山
600332,2025-09-03,26.74,26.8,26.42,26.47,11552500.0,0.0,白云山
600332,2025-09-04,26.49,26.5,26.2,26.39,12035500.0,0.0,白云山
600332,2025-09-05,26.38,26.49,26.27,26.48,8988900.0,0.0,白云山
600332,2025-09-08,26.5,26.75,26.5,26.67,12390800.0,0.0,白云山
600332,2025-09-09,26.7,26.7,26.45,26.6,8698800.0,0.0,白云山
600332,2025-09-10,26.6,26.61,26.44,26.51,6469100.0,0.0,白云山
600332,2025-09-11,26.46,26.62,26.33,26.6,7912300.0,0.0,白云山
600332,2025-09-12,26.3,26.3,25.66,25.79,26162000.0,0.0,白云山
600332,2025-09-15,25.79,25.96,25.57,25.75,20874100.0,0.0,白云山
600332,2025-09-16,25.88,25.96,25.47,25.54,23373600.0,0.0,白云山
600332,2025-09-17,25.54,25.62,25.48,25.54,14381000.0,0.0,白云山
600332,2025-09-18,25.56,25.75,25.44,25.57,19065300.0,0.0,白云山
600332,2025-09-19,25.55,25.58,25.33,25.54,11942700.0,0.0,白云山
600332,2025-09-22,25.56,25.58,25.38,25.48,8170100.0,0.0,白云山
600332,2025-09-23,25.38,25.45,25.1,25.33,10598900.0,0.0,白云山
600332,2025-09-24,25.27,25.49,25.26,25.48,7840900.0,0.0,白云山
600332,2025-09-25,25.47,25.47,25.33,25.37,7715500.0,0.0,白云山
600332,2025-09-26,25.31,25.45,25.23,25.38,6006800.0,0.0,白云山
600332,2025-09-29,25.39,25.5,25.22,25.49,7987000.0,0.0,白云山
600332,2025-09-30,25.47,25.57,25.35,25.55,8593200.0,0.0,白云山
600332,2025-10-09,25.55,25.63,25.4,25.63,10703500.0,0.0,白云山
600332,2025-10-10,25.6,25.81,25.54,25.78,13086000.0,0.0,白云山
600332,2025-10-13,25.42,25.57,25.34,25.56,10368700.0,0.0,白云山
600332,2025-10-14,25.55,25.79,25.5,25.72,12370500.0,0.0,白云山
600332,2025-10-15,25.68,25.77,25.58,25.68,11511900.0,0.0,白云山
600332,2025-10-16,25.7,25.75,25.59,25.72,8779300.0,0.0,白云山
600332,2025-10-17,25.74,25.76,25.45,25.5,9244200.0,0.0,白云山
600332,2025-10-20,25.5,25.62,25.41,25.61,8036100.0,0.0,白云山
600332,2025-10-21,25.62,25.7,25.58,25.64,8023700.0,0.0,白云山
600332,2025-10-22,25.55,25.76,25.55,25.7,8510400.0,0.0,白云山
600332,2025-10-23,25.71,25.74,25.55,25.7,7015200.0,0.0,白云山
600332,2025-10-24,25.7,25.73,25.61,25.64,6865800.0,0.0,白云山
600332,2025-10-27,25.65,25.72,25.59,25.68,9566000.0,0.0,白云山
600332,2025-10-28,25.65,25.68,25.55,25.57,6512700.0,0.0,白云山
600332,2025-10-29,26.03,26.4,25.99,26.12,28004300.0,0.0,白云山
600332,2025-10-30,26.19,26.58,26.17,26.25,24572600.0,0.0,白云山
600332,2025-10-31,26.28,26.43,26.11,26.36,14537500.0,0.0,白云山
600332,2025-11-03,26.4,26.78,26.33,26.67,17692200.0,0.0,白云山
600332,2025-11-04,26.6,26.75,26.48,26.57,11810500.0,0.0,白云山
600332,2025-11-05,26.51,26.64,26.39,26.56,11129600.0,0.0,白云山
600332,2025-11-06,26.52,26.72,26.45,26.6,9129100.0,0.0,白云山
600332,2025-11-07,26.58,26.87,26.55,26.8,10526500.0,0.0,白云山
600332,2025-11-10,26.78,27.31,26.73,27.28,17546600.0,0.0,白云山
600332,2025-11-11,27.27,27.38,27.08,27.37,12543700.0,0.0,白云山
600332,2025-11-12,27.37,27.46,27.16,27.19,10959500.0,0.0,白云山
600332,2025-11-13,27.25,27.32,26.92,27.25,12994300.0,0.0,白云山
600332,2025-11-14,27.27,27.5,27.08,27.12,9215600.0,0.0,白云山
600332,2025-11-17,27.15,27.15,26.61,26.68,10748700.0,0.0,白云山
600332,2025-11-18,26.6,26.72,26.49,26.63,8083100.0,0.0,白云山
600332,2025-11-19,26.65,26.68,26.35,26.38,6275600.0,0.0,白云山
600332,2025-11-20,26.52,26.55,26.22,26.29,6765400.0,0.0,白云山
600332,2025-11-21,26.21,26.4,25.9,25.9,12129900.0,0.0,白云山
600332,2025-11-24,26.05,26.18,25.95,26.04,7535800.0,0.0,白云山
600332,2025-11-25,26.05,26.12,25.92,26.02,9632300.0,0.0,白云山
600332,2025-11-26,26.0,26.18,25.89,25.91,9863500.0,0.0,白云山
600332,2025-11-27,25.91,25.93,25.78,25.84,9326100.0,0.0,白云山
600332,2025-11-28,25.91,25.93,25.72,25.8,8010600.0,0.0,白云山
600332,2025-12-01,25.8,25.89,25.73,25.89,16203900.0,0.0,白云山
600332,2025-12-02,25.9,25.95,25.71,25.84,11140900.0,0.0,白云山
600332,2025-12-03,25.83,26.05,25.81,25.97,10128400.0,0.0,白云山
600332,2025-12-04,25.92,25.97,25.78,25.86,6129900.0,0.0,白云山
600332,2025-12-05,25.8,25.95,25.7,25.94,9460600.0,0.0,白云山
600332,2025-12-08,25.96,26.02,25.79,25.82,10088100.0,0.0,白云山
600332,2025-12-09,25.79,25.81,25.53,25.58,12446600.0,0.0,白云山
600332,2025-12-10,25.5,25.72,25.41,25.7,10783700.0,0.0,白云山
600332,2025-12-11,25.68,25.81,25.62,25.65,11602400.0,0.0,白云山
600332,2025-12-12,25.72,26.03,25.53,26.03,46486400.0,0.0,白云山
600332,2025-12-15,25.79,25.79,25.46,25.69,22851200.0,0.0,白云山
600332,2025-12-16,25.6,25.71,25.5,25.63,13069100.0,0.0,白云山
600332,2025-12-17,25.54,25.7,25.46,25.66,10553600.0,0.0,白云山
600332,2025-12-18,25.58,25.69,25.57,25.67,7604300.0,0.0,白云山
600332,2025-12-19,25.65,25.79,25.59,25.72,10597300.0,0.0,白云山
600332,2025-12-22,25.77,25.9,25.64,25.79,11894100.0,0.0,白云山
600332,2025-12-23,25.79,25.95,25.76,25.82,9134200.0,0.0,白云山
600332,2025-12-24,25.82,25.85,25.7,25.83,6885600.0,0.0,白云山
600332,2025-12-25,25.8,25.89,25.73,25.85,6459200.0,0.0,白云山
600332,2025-12-26,25.86,25.95,25.78,25.87,7599900.0,0.0,白云山
600332,2025-12-29,25.89,26.01,25.74,25.77,10864200.0,0.0,白云山
600332,2025-12-30,25.7,25.78,25.61,25.66,7153700.0,0.0,白云山
600332,2025-12-31,25.67,25.86,25.64,25.74,7500100.0,0.0,白云山
600332,2026-01-05,25.74,25.91,25.68,25.9,12944900.0,0.0,白云山
600332,2026-01-06,25.88,25.99,25.87,25.96,16477600.0,0.0,白云山
600332,2026-01-07,25.96,25.97,25.43,25.44,33207800.0,0.0,白云山
600332,2026-01-08,25.47,25.52,24.93,25.04,48595300.0,0.0,白云山
600332,2026-01-09,25.11,25.33,25.08,25.32,19117700.0,0.0,白云山
600332,2026-01-12,25.32,25.37,25.22,25.34,15591200.0,0.0,白云山
600332,2026-01-13,25.39,25.52,25.25,25.3,18902700.0,0.0,白云山
600332,2026-01-14,25.26,25.38,25.0,25.1,21840900.0,0.0,白云山
600332,2026-01-15,25.1,25.22,25.04,25.17,10844000.0,0.0,白云山
600332,2026-01-16,25.2,25.25,25.03,25.07,10846200.0,0.0,白云山
600332,2026-01-19,25.0,25.11,25.0,25.09,9512200.0,0.0,白云山
600332,2026-01-20,25.08,25.23,25.06,25.21,11766300.0,0.0,白云山
600332,2026-01-21,25.2,25.27,25.14,25.21,9691000.0,0.0,白云山
600332,2026-01-22,25.21,25.29,25.2,25.24,8005300.0,0.0,白云山
600332,2026-01-23,25.26,25.37,25.25,25.32,11632000.0,0.0,白云山
600332,2026-01-26,25.32,25.61,25.26,25.56,20410500.0,0.0,白云山
600332,2026-01-27,25.56,25.56,25.17,25.36,14714200.0,0.0,白云山
600332,2026-01-28,25.32,25.4,25.22,25.32,9522200.0,0.0,白云山
600332,2026-01-29,25.25,25.51,25.15,25.46,13593000.0,0.0,白云山
600332,2026-01-30,25.46,25.47,25.15,25.25,11696800.0,0.0,白云山
600332,2026-02-02,25.19,25.47,25.08,25.1,16264000.0,0.0,白云山
600332,2026-02-03,25.13,25.29,25.0,25.17,9693400.0,0.0,白云山
600332,2026-02-04,25.15,25.42,25.12,25.4,11636100.0,0.0,白云山
600332,2026-02-05,25.45,25.63,25.39,25.55,14288800.0,0.0,白云山
600332,2026-02-06,25.95,26.03,25.61,25.61,23872100.0,0.0,白云山
600332,2026-02-09,25.51,25.66,25.49,25.55,12503400.0,0.0,白云山
600332,2026-02-10,25.58,25.58,25.42,25.49,7299100.0,0.0,白云山
600332,2026-02-11,25.47,25.52,25.41,25.42,6479000.0,0.0,白云山
600332,2026-02-12,25.42,25.46,25.26,25.26,8244400.0,0.0,白云山
600332,2026-02-13,25.25,25.33,25.1,25.11,9400800.0,0.0,白云山
600332,2026-02-24,25.22,25.28,25.15,25.25,7536000.0,0.0,白云山
600332,2026-02-25,25.23,25.41,25.22,25.3,8439800.0,0.0,白云山
600332,2026-02-26,25.32,25.35,25.2,25.22,7308900.0,0.0,白云山
600332,2026-02-27,25.22,25.38,25.18,25.29,8634900.0,0.0,白云山
600332,2026-03-02,25.19,25.52,25.06,25.41,14873100.0,0.0,白云山
600332,2026-03-03,25.31,25.53,25.22,25.26,15704200.0,0.0,白云山
600332,2026-03-04,25.2,25.2,24.88,24.98,15782700.0,0.0,白云山
600332,2026-03-05,25.05,25.13,24.91,24.92,9415800.0,0.0,白云山
600332,2026-03-06,24.92,25.17,24.86,25.16,9001000.0,0.0,白云山
600332,2026-03-09,25.0,25.3,24.96,25.17,12721600.0,0.0,白云山
600332,2026-03-10,25.23,25.27,25.13,25.22,7025600.0,0.0,白云山
600332,2026-03-11,25.22,25.29,25.1,25.27,7332900.0,0.0,白云山
600332,2026-03-12,25.26,25.47,25.22,25.38,10924700.0,0.0,白云山
600332,2026-03-13,25.35,25.59,25.34,25.46,10858600.0,0.0,白云山
600332,2026-03-16,25.52,25.74,25.37,25.56,12409700.0,0.0,白云山
600332,2026-03-17,25.56,25.76,25.52,25.6,9456600.0,0.0,白云山
600332,2026-03-18,25.6,25.64,25.3,25.42,7910400.0,0.0,白云山
600332,2026-03-19,25.32,25.54,25.19,25.22,7477800.0,0.0,白云山
600332,2026-03-20,25.23,25.45,25.12,25.12,10255600.0,0.0,白云山
600332,2026-03-23,24.24,24.24,23.06,23.11,41678300.0,0.0,白云山
600332,2026-03-24,23.33,23.39,23.0,23.22,15917400.0,0.0,白云山
600332,2026-03-25,23.22,23.31,23.08,23.27,13986400.0,0.0,白云山
600332,2026-03-26,23.24,23.26,22.7,22.8,16905400.0,0.0,白云山
600332,2026-03-27,22.61,23.01,22.6,22.96,10805500.0,0.0,白云山
600332,2026-03-30,22.8,23.1,22.73,23.04,10966700.0,0.0,白云山
600332,2026-03-31,23.04,23.22,22.84,22.86,11438000.0,0.0,白云山
600332,2026-04-01,22.99,23.09,22.83,23.07,13910900.0,0.0,白云山
600332,2026-04-02,23.08,23.25,23.06,23.16,14653600.0,0.0,白云山
600332,2026-04-03,23.1,23.1,22.85,23.03,10789400.0,0.0,白云山
600332,2026-04-07,22.99,23.02,22.71,22.76,9256900.0,0.0,白云山
600332,2026-04-08,22.95,23.11,22.86,23.11,13549400.0,0.0,白云山
600332,2026-04-09,22.98,23.06,22.82,22.85,10064800.0,0.0,白云山
600332,2026-04-10,22.85,22.97,22.83,22.92,8147600.0,0.0,白云山
600332,2026-04-13,22.8,22.82,22.7,22.74,7548700.0,0.0,白云山
600332,2026-04-14,22.78,22.86,22.74,22.86,6019700.0,0.0,白云山
600332,2026-04-15,22.9,23.05,22.9,23.0,9627900.0,0.0,白云山
600332,2026-04-16,23.0,23.0,22.87,22.92,8446200.0,0.0,白云山
600332,2026-04-17,22.88,22.88,22.72,22.78,7931500.0,0.0,白云山
600332,2026-04-20,22.81,22.81,22.71,22.75,7431300.0,0.0,白云山
600332,2026-04-21,22.76,22.84,22.71,22.76,6177800.0,0.0,白云山
600332,2026-04-22,22.74,22.75,22.68,22.7,6308600.0,0.0,白云山
600332,2026-04-23,22.71,22.77,22.62,22.68,7621700.0,0.0,白云山
600332,2026-04-24,22.68,22.68,22.47,22.52,6983600.0,0.0,白云山
600332,2026-04-27,22.56,22.57,22.28,22.29,9306500.0,0.0,白云山
600332,2026-04-28,22.64,23.16,22.64,22.96,23276900.0,0.0,白云山
600332,2026-04-29,22.85,22.96,22.79,22.87,12580500.0,0.0,白云山
600332,2026-04-30,22.85,22.9,22.63,22.65,11428100.0,0.0,白云山
600332,2026-05-06,22.65,22.72,22.49,22.72,11468900.0,0.0,白云山
600332,2026-05-07,22.7,22.78,22.64,22.7,7174500.0,0.0,白云山
600332,2026-05-08,22.7,22.76,22.68,22.74,6673400.0,0.0,白云山
600332,2026-05-11,22.72,22.98,22.65,22.88,12646300.0,0.0,白云山
600332,2026-05-12,22.83,22.98,22.8,22.96,10353900.0,0.0,白云山
600332,2026-05-13,23.05,23.14,22.81,22.85,9425900.0,0.0,白云山
600332,2026-05-14,22.84,22.87,22.45,22.47,13347200.0,0.0,白云山
600332,2026-05-15,22.5,22.56,22.22,22.31,10389900.0,0.0,白云山
600332,2026-05-18,22.26,22.28,22.0,22.1,9180900.0,0.0,白云山
600332,2026-05-19,22.09,22.2,22.06,22.14,5203600.0,0.0,白云山
600332,2026-05-20,22.15,22.15,21.79,21.83,8865100.0,0.0,白云山
600332,2026-05-21,21.82,22.05,21.7,21.71,5917900.0,0.0,白云山
600332,2026-05-22,21.8,21.84,21.58,21.64,5421900.0,0.0,白云山
600332,2026-05-25,21.65,21.69,21.43,21.49,7587600.0,0.0,白云山
600332,2026-05-26,21.45,21.59,21.4,21.55,4671100.0,0.0,白云山
600332,2026-05-27,21.54,21.62,21.19,21.55,8371200.0,0.0,白云山
600332,2026-05-28,21.48,21.51,21.21,21.35,5193300.0,0.0,白云山
600332,2026-05-29,21.28,22.05,21.28,21.52,18512200.0,0.0,白云山
600332,2026-06-01,21.22,21.75,21.22,21.71,12589900.0,0.0,白云山
600332,2026-06-02,21.6,21.91,21.6,21.78,9236000.0,0.0,白云山
600332,2026-06-03,21.77,21.77,21.41,21.56,7198400.0,0.0,白云山
600332,2026-06-04,21.5,21.59,21.3,21.33,6263900.0,0.0,白云山
600332,2026-06-05,21.31,21.58,21.31,21.48,5918400.0,0.0,白云山
600332,2026-06-08,21.31,21.43,20.97,21.16,8459300.0,0.0,白云山
600332,2026-06-09,21.18,21.21,20.96,21.04,6078900.0,0.0,白云山
600332,2026-06-10,21.0,21.53,20.87,21.5,10328000.0,0.0,白云山
600332,2026-06-11,21.39,21.59,21.28,21.39,6097500.0,0.0,白云山
600332,2026-06-12,21.39,21.77,21.26,21.69,9470700.0,0.0,白云山
600332,2026-06-15,21.69,21.81,21.58,21.76,9924800.0,0.0,白云山
600332,2026-06-16,21.31,21.35,21.04,21.15,6105500.0,0.0,白云山
600332,2026-06-17,21.18,21.18,20.91,21.11,5431400.0,0.0,白云山
600332,2026-06-18,21.08,21.08,20.75,20.78,5600900.0,0.0,白云山
600332,2026-06-22,20.75,20.84,20.26,20.81,7695000.0,0.0,白云山
600332,2026-06-23,20.79,21.29,20.71,20.97,8465300.0,0.0,白云山
600332,2026-06-24,21.07,21.23,20.6,20.67,7261500.0,0.0,白云山
600332,2026-06-25,20.53,20.57,20.17,20.27,9632800.0,0.0,白云山
600332,2026-06-26,20.27,20.34,19.76,19.77,8121600.0,0.0,白云山
600332,2026-06-29,19.76,20.67,19.3,20.55,13804600.0,0.0,白云山
600332,2026-06-30,20.46,20.46,20.0,20.04,6666900.0,0.0,白云山
600332,2026-07-01,20.02,20.47,19.81,20.43,8740800.0,0.0,白云山
600332,2026-07-02,20.43,20.88,20.33,20.79,9650700.0,0.0,白云山
600332,2026-07-03,20.84,21.25,20.81,21.19,9678100.0,0.0,白云山
600332,2026-07-06,21.19,21.74,20.98,21.6,13167700.0,0.0,白云山
600332,2026-07-07,21.58,21.58,21.02,21.05,8207800.0,0.0,白云山
600332,2026-07-08,21.03,21.34,20.81,21.26,6917900.0,0.0,白云山
600332,2026-07-09,21.2,21.48,20.99,21.22,6656500.0,0.0,白云山
600332,2026-07-10,21.12,21.47,20.91,21.29,8888000.0,0.0,白云山
600332,2026-07-13,21.32,21.97,21.3,21.9,18246800.0,0.0,白云山
600332,2026-07-14,21.75,22.19,21.55,22.06,15063500.0,0.0,白云山
600332,2026-07-15,21.97,22.47,21.79,22.44,16880500.0,0.0,白云山
600332,2026-07-16,22.31,22.76,22.12,22.66,18517400.0,0.0,白云山
600332,2026-07-17,22.55,22.77,22.15,22.18,16957600.0,0.0,白云山
600332,2026-07-20,22.11,22.48,22.01,22.39,16464000.0,0.0,白云山
600332,2026-07-21,22.28,22.72,22.02,22.08,19388700.0,0.0,白云山
600332,2026-07-22,22.0,22.13,21.7,22.03,13913300.0,0.0,白云山
600332,2026-07-23,21.93,22.17,21.75,21.9,8619800.0,0.0,白云山
600332,2026-07-24,21.89,22.15,21.55,21.59,8843100.0,0.0,白云山
600332,2026-07-27,21.58,21.89,21.47,21.77,9308100.0,0.0,白云山
600332,2026-07-28,21.68,21.88,21.37,21.7,9300200.0,0.0,白云山
600332,2026-07-29,21.75,22.11,21.7,21.98,11989700.0,0.0,白云山
600332,2026-07-30,21.99,22.26,21.86,22.2,12557400.0,0.0,白云山
600332,2026-07-31,21.95,22.3,21.89,22.28,12103400.0,0.0,白云山
600332,2026-08-03,22.2,22.42,22.14,22.19,9545500.0,0.0,白云山
600332,2026-08-04,22.2,22.41,21.88,21.89,10267700.0,0.0,白云山
600332,2026-08-05,21.84,21.89,21.43,21.49,14443900.0,0.0,白云山
600332,2026-08-06,21.51,21.56,21.13,21.39,11010000.0,0.0,白云山
600332,2026-08-07,21.34,21.52,21.15,21.5,8240900.0,0.0,白云山
600332,2026-08-10,21.51,21.86,21.49,21.59,12184300.0,0.0,白云山
600332,2026-08-11,21.62,21.9,21.45,21.53,10077400.0,0.0,白云山
600332,2026-08-12,21.52,21.61,21.28,21.49,9106000.0,0.0,白云山
600332,2026-08-13,21.49,21.69,21.21,21.51,10806400.0,0.0,白云山
600332,2026-08-14,21.48,21.58,21.26,21.31,6946600.0,0.0,白云山
600332,2026-08-17,21.31,21.32,20.95,21.22,8661600.0,0.0,白云山
600332,2026-08-18,21.18,21.3,21.01,21.03,7934700.0,0.0,白云山
600332,2026-08-19,21.04,21.22,20.96,21.06,7646100.0,0.0,白云山
600332,2026-08-20,21.15,21.55,21.12,21.51,13731500.0,0.0,白云山
600332,2026-08-21,21.37,21.4,20.9,20.91,12296000.0,0.0,白云山
600332,2026-08-24,20.28,20.29,19.89,20.11,17134100.0,0.0,白云山
600332,2026-08-25,20.11,20.23,19.98,20.22,8233000.0,0.0,白云山
600332,2026-08-26,20.22,20.58,20.19,20.47,7935500.0,0.0,白云山
600332,2026-08-27,20.43,20.54,20.26,20.46,6490700.0,0.0,白云山
600332,2026-08-28,20.4,20.45,20.27,20.42,4958300.0,0.0,白云山
600332,2026-08-31,20.38,20.43,20.16,20.42,6662700.0,0.0,白云山
600332,2026-09-01,20.28,20.35,20.2,20.27,10014000.0,0.0,白云山
600332,2026-09-02,20.22,20.24,20.06,20.13,6428800.0,0.0,白云山
600332,2026-09-03,20.14,20.25,20.1,20.19,5148500.0,0.0,白云山
600332,2026-09-04,20.24,20.35,20.13,20.24,7695500.0,0.0,白云山
